书名	作者	封面图片	主色	文字色	书脊颜色	书脊文字色	封面宽度	书架高度	书脊宽度	封面比例	书架间距	详情背景色	简介一	简介二
记忆的性别	贺萧（Gail Hershatter）	gender-of-memory.png	#5a2028	#f4eee8	#5a2028	#f4eee8	288	0.9	43	0.7448275862068966	7		贺萧通过对中国农村妇女的口述访谈，重新审视集体化历史如何被记忆、讲述和沉默。	个人生命史与国家叙事在书中彼此映照，性别成为理解二十世纪中国经验的重要线索。
回归故里	迪迪埃·埃里蓬	returning-to-reims.jpg	#17191d	#f1f0ed	#17191d	#f1f0ed	255	0.86	39	0.6905882352941176	18		迪迪埃·埃里蓬回到离开多年的兰斯，从家庭与故乡重新追索自己的阶级出身。	这是一部关于返乡、羞耻、社会流动与政治转向的自我社会学。
每一句话语都坐着别人的眼睛	赫塔·米勒	every-word.jpg	#079e75	#f4f1e8	#087d72	#f4f1e8	252	0.93	34	0.6294117647058823	8		赫塔·米勒从语言、记忆与流亡出发，书写独裁经验如何进入日常生活与每一句话语。	文字既是被监视的现场，也是保存自由和自我的方式。
写在身体上	珍妮特·温特森	written-on-the-body.jpg	#e8e4df	#17271f	#294637	#f0e6df	285	0.96	46	0.69	26	#cbd5c8	珍妮特·温特森以一位无名叙述者的声音，书写欲望、身体、疾病与失去。	身体在小说中成为记忆与爱留下痕迹的文本。
其后	绫香吟	thereafter.jpg	#edf3f3	#171919	#dbe8e9	#171919	247	0.84	35	0.68408262454435	10		在“其后”这一含混的时间里，记忆、失去与继续生活彼此交叠。	轻盈的表面之下，是对关系与余生的安静凝视。
德米安	赫尔曼·黑塞	demian.jpg	#f0dfcf	#18243a	#e8c8b2	#18243a	280	0.92	42	0.7063440156965337	15		黑塞通过辛克莱的成长，描绘一个年轻人如何摆脱既定世界，寻找属于自己的精神道路。	光明与黑暗、自我与命运在德米安的引导下逐渐汇合。
看不见的女性	卡罗琳·克里亚多·佩雷斯	invisible-women.jpg	#f4f0ea	#201d1b	#eee9e3	#b71318	278	0.95	48	0.6986666666666667	30	#eadbd8	卡罗琳·克里亚多·佩雷斯以大量案例与数据，揭示以男性为默认尺度的世界如何系统性地忽略女性。	从交通、医疗到工作与公共政策，数据缺口塑造着真实的不平等。
黄色墙纸	夏洛特·珀金斯·吉尔曼	yellow-wallpaper.jpg	#efd91b	#211b21	#e8d21a	#211b21	252	0.9	32	0.6500508646998983	12		夏洛特·珀金斯·吉尔曼借一间房与一面黄色墙纸，写出被规训、被诊断和被禁声的女性经验。	克制的叙述逐步滑向压迫性的幻觉，成为女性主义文学的经典文本。
一间只属于自己的房间	弗吉尼亚·伍尔夫	room-of-ones-own.jpg	#64518d	#f2ed18	#5d4b84	#f2ed18	274	0.94	45	0.6792452830188679	22		伍尔夫从女性与小说的关系出发，讨论创作所需要的金钱、空间与思想自由。	“一间自己的房间”既是现实条件，也是一种精神上的独立。
海浪	弗吉尼亚·伍尔夫	the-waves.jpg	#164d3f	#f0f1e8	#17483c	#edf0e6	258	0.9	40	0.6666666666666666	0		伍尔夫让六个人物的声音如潮汐般交替起伏，时间、友谊与自我在语言中流动。	《海浪》把小说推向诗的边界，捕捉生命从清晨到夜晚的节奏。
成为波伏瓦	凯特·柯克帕特里克（Kate Kirkpatrick）	becoming-beauvoir.jpg	#141313	#f4f3ef	#171616	#f4f3ef	272	0.9	44	0.6832797427652733	12		从档案、书信与作品出发，凯特·柯克帕特里克重新描绘波伏瓦成为自己的过程。	这既是一部思想者的传记，也是一段关于选择、自由与女性主体性的精神史。
悉达多	赫尔曼·黑塞	siddhartha.jpg	#b6b4b3	#f5f3ed	#b5b3b1	#28231e	288	0.92	40	0.7334479793637145	6		悉达多离开熟悉的道路，在苦行、欲望与河流之间寻找属于自己的觉悟。	黑塞把一场精神远行写成对自我、时间与万物相连的寓言。
海风中失落的血色馈赠	阿利斯泰尔·麦克劳德	lost-salt-gift-of-blood.jpg	#ede9df	#20221f	#e8e2d6	#20221f	250	0.88	38	0.7359375	20	#d9e3e4	麦克劳德在海风、岛屿与家族记忆中，写下加拿大东海岸普通人的命运。	这些故事像盐一样留在舌尖，关于离开、归来，以及血缘无法割断的牵引。
大地上我们转瞬即逝的绚烂	欧申·翁（Ocean Vuong）	on-earth-were-briefly-gorgeous.jpg	#696b6c	#f5f3ed	#5e6061	#f5f3ed	276	0.94	48	0.7026675341574495	10		一个越南裔美国男孩写给母亲的长信，穿过战争、移民、贫穷与爱的记忆。	欧申·翁以诗人的语言触碰家族创伤，也让沉默的人重新拥有叙述自己的声音。
白日尽头	燕妮·埃彭贝克	all-day-evening.jpg	#e4e4e2	#5b5b59	#dddddb	#585856	248	0.9	36	0.6413301662707839	17		一个女人的一生在不同的可能性中反复展开，私人命运与二十世纪的历史彼此改写。	埃彭贝克让时间像舞台上的灯光一样转换，照见偶然、失去与未曾发生的人生。
正常人	萨莉·鲁尼	normal-people.jpg	#c7ce00	#15214e	#c3c900	#15214e	272	0.95	44	0.6674907292954264	8		玛丽安与康奈尔在爱尔兰小镇与大学之间反复靠近、错过，学习如何谈论彼此。	萨莉·鲁尼写阶级、亲密关系与成长，也写两个普通人如何试着不伤害对方。
我的天才女友	埃莱娜·费兰特	my-brilliant-friend.jpg	#9e8886	#f5b2b1	#8f7b79	#f5b2b1	270	0.94	46	0.6670784434836319	24		莉拉与埃莱娜在那不勒斯的街区一同长大，友谊成为她们逃离贫困又彼此牵引的力量。	费兰特把一个女孩的成长写成整座城市的隐秘编年史。
呼吸秋千	赫塔·米勒	breath-swing.jpg	#4e7891	#f0f4f4	#456f88	#f0f4f4	245	0.9	39	0.6294117647058823	13	#436a80	十七岁的男孩被送往苏联劳改营，饥饿、劳动与想象成为日常生活的全部尺度。	米勒把创伤写成一种悬置的呼吸，语言在绝境中仍然寻找轻盈的摆动。
隐墙	玛琳·豪斯霍费尔	invisible-wall.jpg	#dededb	#211f1c	#d7d5ce	#211f1c	260	0.92	42	0.6670784434836319	19	#d2d8cf	一面看不见的墙把女人与世界隔开，她只能和森林、动物以及自己的时间相处。	豪斯霍费尔借一则孤独寓言追问文明、劳动与人类中心主义的边界。
莉莉亚娜不可战胜的夏天	克里斯蒂娜·里维拉·加尔萨	invincible-summer-of-liliana.jpg	#218aa0	#121d2b	#1f7d92	#121d2b	240	0.9	40	0.6	7		作者从妹妹莉莉亚娜留下的文字、照片与生活痕迹出发，追问一场性别暴力如何被遗忘。	这是一部关于哀悼、证词与重新命名受害者的非虚构作品，也是一封迟到的家书。
